{
    "target_size": 1.0,
    "line_width": 1.5,
    "fill_color": "black",
    "line_color": "black",
    "cal_matrix": [
        [
            -1.6966279167143778,
            -0.07737189888153337,
            -1.6028844918025698e-15
        ],
        [
            -0.24631364297024305,
            1.5414754709105032,
            1.7763568394002505e-15
        ],
        [
            1.0733958328003321,
            -10.547494485589743,
            0.9999999999999893
        ]
    ],
    "cal_status": true,
    "RMSE": 0.06496812241339138
}